group,pre,post,
Lack of trust in government (p<0.01),0.127234717,0.463120713,
Lack of trust in healthcare workers (p<0.1),0.223478776,0.654193788,
COVID-19 is not real (p<0.1),0.150076142,0.5613501,
God's protection (p<1),0.80841083,0.876014406,
Rumors (p<1),0.472452486,0.519332359,
Side effects (p<0.0001),0.310013705,0.542646338,
Vaccine effectiveness (p<1),0.211933512,0.177838843,