group,pre,post
(Lack of) trust in government (p<0.01),0.137801146,0.34692117
(Lack of) trust in healthcare workers (p<0.1),0.286514336,0.157143335
COVID-19 is not real (p<0.1),0.002085867,0.038837804
God's protection (p<1),0.913731313,0.959119165
Rumors (p<1),0.03573059,0.187417274
Side effects (p<0.0001),0.269339047,0.381333424
Vaccine effectiveness (p<1),0.03695646,0.158039955