group,pre,post
(Lack of) trust in government (p<0.01),0.12723472,0.46312071
(Lack of) trust in healthcare workers (p<0.1),0.22347878,0.65419379
COVID-19 is not real (p<0.1),0.15007614,0.5613501
God's protection (p<1),0.80841083,0.87601441
Rumors (p<1),0.47245249,0.51933236
Side effects (p<0.0001),0.31001371,0.54264634
Vaccine effectiveness (p<1),0.21193351,0.17783884